Hospital Name,Type of Institution,Hospital Address,District,Phone number,Email Address,Bed strength,Number of Doctors,No of Male Therapist,No of Female Therapist,Select Your Specialties,Accreditations
Saparya Ayurveda,OP Treatment Centre / Wellness Centre,"Near Police Station Thamarassery, PO. Thamarassery, Kozhikode-673573",Kozhikode,7034669955,dr.dvipink@gmail.com,0,2,1,1,"Spine and Joint Care, Women and Child Care",Nil
Amba Panchakarma Chikitsalayam,Hospital,"Amba Panchakarma Chikitsalayam
Urakam P.O
Thrissur- 680562",Thrissur,9846430009,jitheshoo@gmail.com,5,3,2,3,Kayachikitsa,Clinical Establishment Provisional Registration
"Indukantham Ayurveda Hospital and Panchakarma centre , Kizhakkenada, chengannur,",Hospital,"Indukantham Ayurveda Hospital and Panchakarma centre,Kizhakkenada, chengannur",Alappuzha,9446423497,Indukanthamayurveda@gmail.com,Ten,3,2,2,"Kayachikitsa, Koumarabrithya, therapeutic yoga",LSGI
Sanjeevani Ayurveda Hospital And Rejuvenation Centre,Hospital,Manappally P O,Kollam,9446184869,drrenji73@gmail.com,22,3,2,4,Kayachikitsa,ISO
Sririshi Ayurveda concepts,OP Treatment Centre / Wellness Centre,Parappa PO Kasaragod Dt pin 671533,Kasaragod,"9495461290, 
0467 2254130",drpraveenpr@gmail.com,3,3,1,1,General,NA
Kma aryavaidyasala,OP Treatment Centre / Wellness Centre,"Beach road
Kovalam
Trivandrum",Thiruvananthapuram,9388007007,anasbams@gmail.com,4,2,4,4,Kayachikitsa,"ISO,"
Anaril Vaidyasala,OP Treatment Centre / Wellness Centre,"XI/ 245, Thrikunnapuzha, 690515",Alappuzha,9446918019,drbrajeshveda@gmail.com,2,1,2,2,"Kayachikitsa, Shalya Chikitsa",NIL
Navaneetham Ayurveda speciality centre,Hospital,"Navaneetham ayurveda speciality centre, kunnakkara, kottarakkara 691566",Kollam,8590497871,navaneethamayurveda@gmail.com,16,12,3,5,"Kayachikitsa, Salakya Chikitsa, Shalya Chikitsa, Visha Chikitsa, Prasoothi Thanthra",Government approved Hospital
AYURKSHETHRA,Hospital,Opp KSEB NH Jun: Vayalar Cherthala,Alappuzha,9995432210,drshenoieayurkshethra@gmail.com,20,5,8,8,"Kayachikitsa, Koumarabrithya, Prasoothi Thanthra, Centre of Excellence for Stroke",ISO
Ayurkshethra wellnes Health Resorts & Retreats,Resort,Alappuzha,Alappuzha,9995432210,drshenoieayurkshethra@gmail.com,35,7,10,10,Wellness,ISO
Ashtanga Ayurghriham,OP Treatment Centre / Wellness Centre,"Kochanthara house, kuruppankulangara p o, Cherthala, Alappuzha",Alappuzha,8075415823,akhilaamitha1993@gmail.com,Nil,1,Oncall,1,Kayachikitsa,ISO
Kannankallel ayurveda clinic,Clinic op,Kannankallel ayurveda clinic pindimana po kothamangalam ernakulam dist Kerala,Ernakulam,9349753904,g.mamman32@gmail.com,No beds,Two,No,No,Kayachikitsa,No
S N Ayurveda Women's Hospital,Hospital,S N Ayurveda Women's Hospital. Near Mulappanchira. Kuruppampady. PIN:683545,Ernakulam,9497287108,drneethupamc@gmail.com,5,1,Nil,2,Kayachikitsa,No accreditation
Marunukada by Ayurkshethra,OP Treatment Centre / Wellness Centre,Opp SBI Court Jun Cherthala,Alappuzha,9288500500,drshenoieayurkshethra@gmail.com,0,2,2,2,General,ISO
Jeevani Ayurveda and Panchakarma,OP Treatment Centre / Wellness Centre,"Behind Krishna Hospital, Chinmaya Colony, Vidyanagar p.o, Kasaragod 671123",Kasaragod,8589017383,jayaraghavanm2002@gmail.com,Nil,1,On call,1,"Wt loss,backpain,post natal",Nil
AswathyMatha Ayurveda and Homoeo Health Care,OP Treatment Centre / Wellness Centre,"AswathyMatha Ayurveda and Homoeo Health Care, palace ward, krishnapuram PO, KAYAMKULAM, ALAPPUZHA,",Alappuzha,8848175229,arun.gdev@gmail.com,0,2,On call,1,"Kayachikitsa, Salakya Chikitsa, Shalya Chikitsa",Nill
Ayushi Ayurveda Wellness Center Anthikad,OP Treatment Centre / Wellness Centre,"Near KK Menon bus stop
Anthikad, Thrissur 680641, Kerala",Thrissur,9539188682,drfemithasherinva@gmail.com,1,1,1,1,Kayachikitsa,NA
Lakshmi Ayurvedic Clinic,Private clinic,"Lakshmi Ayurvedic Clinic, cheravalli, kayamkulam",Alappuzha,8590895556,thankulaks2019@gmail.com,No,1,1,1,Kayachikitsa,NA
Changampalli vaidyabhavan,Hospital,Changampalli vaidyabhavan,Malappuram,4942603585,firdouseck@gmail.com,16,3,2,4,"Kayachikitsa,","ISO,"
Dr. Anice's Ayurveda,OP Treatment Centre / Wellness Centre,"Dr. Anice's Ayurveda, Vallathol Junction, Seaport -Airport road, Thrikkakara. P. O, Kochin -682021",Ernakulam,9074287855,drtomytp@gmail.com,0,2,1,1,"Kayachikitsa, Prasoothi Thanthra",Na
Aayushi ayurvedic health care Center,OP Treatment Centre / Wellness Centre,"Aayushi ayurvedic health care Centre, Thana Kakkad Road, Kannur 670005",Kannur,9567167999,aayushiayurcare@gmail.com,0,2,2,2,"Kayachikitsa, Koumarabrithya, Prasoothi Thanthra",Nil
Janaki madhavam Ayurvedic clinic,Clinic,Puduruthy P.O,Thrissur,8589067765,s.dhanya831@gmail.com,Nil,1,0,0,Yoga and Cosmetology,Private practice
Jeevasparsham Ayur Retreat,OP Treatment Centre / Wellness Centre,"V p centre, akalad, opposite amup school",Thrissur,8139046414,shenushahana@gmail.com,0,2,1,3,"Kayachikitsa, Prasoothi Thanthra, Cosmetology, smrithi meditation & counselling, PNC,Diet & Nutrition",Panchayath registration
S.M.Ayur Niketan,Hospital,Wandoor,Malappuram,9447147683,drsulaimank@gmail.com,10,4,2,2,Shalya Chikitsa,ISO
Sarathy ayurvedic hospital,Hospital,"Sarathy ayurvedic hospital, Elanjichodu, Elookkara,Muppathadom PO , Aluva",Ernakulam,9847997321,drlathika@yahoo.co.uk,30,5,5,8,"Kayachikitsa, Shalya Chikitsa, Prasoothi Thanthra","ISO, NABH, Diamond by Kerala tourism department"
Ayurarogyam ayurveda clinic,OP Treatment Centre / Wellness Centre,"Manackachira kuttoor road,Thiruvalla",Pathanamthitta,9600233308,lidiya.emil@gmail.com,0,1,0,0,Kayachikitsa,Nil
Swasthy Ayurvedic Centre,OP Treatment Centre / Wellness Centre,"Swasthy Ayurvedic Centre, Ellampalloor, Kundara P O, Kollam 691501",Kollam,9061792920,drjasminejf@gmail.com,No,1,1,1,"Kayachikitsa, Cosmetology",No
Doctors Care Center,Wellness and Counselling Center,"Doctors Care Center, Malappatam, Kannur, 670631",Kannur,9645682386,jithoyjnambiar@gmail.com,0,2,2,2,"Manasaroga, Swasthavritha","ISO,"
"Kottakkkal Aryavaidya, Alappuzha",OP Treatment Centre / Wellness Centre,"Kottakkkal Aryavaidya sala dealer, Alappuzha.
688001,
Phone. 04772260374",Alappuzha,9446516687,drkgshajeevkkl@gmail.com,Nil,Dr SHAJEEV. K. G,Nil,Nil,Kayachikitsa,Kottakkkal dealer
Anjali Ayurvedic Research Centre and Spa,OP Treatment Centre / Wellness Centre,"3rd Floor, Union Complex, South Bazar, Kannur, Kerala 670002",Kannur,9895268511,rajesh.deven7@gmail.com,No Admit,5,2,6,"Kayachikitsa, Wellness",Applied for NABH
AYAS AYURVEDA CLINIC,OP Treatment Centre / Wellness Centre,"AYAS AYURVEDA CLINIC,PALUAI ROAD,PAVATATTY.THRISSUR",Thrissur,9496373014,draneeshvr105@gmail.com,0,1,0,0,Nil,Nil
Ayurbin Ayurvedic Hospital,OP Treatment Centre / Wellness Centre,"Opposite RMHS SCHOOL MELATTUR PO,  Malappuram 679326",Malappuram,8589079250,drajmalbinmuhammed@gmail.com,3,2,1,0,Kayachikitsa,Nil
Nedumbakaran Ayurveda Clinic,OP Treatment Centre / Wellness Centre,"Nedumbakaran Ayurveda Clinic
Oushadhi - Vellikulangara road
P. O. Kodakara - 680684",Thrissur,9188174164,harvingeorgen@gmail.com,Nil,One,Nil,Nil,"Kayachikitsa, Koumarabrithya, Salakya Chikitsa",Nil
SAHANI AYURVEDA CLINIC AND COUNSELING CENTER,Op clinic and pharmacy,"SAHANI AYURVEDA CLINIC AND COUNSELING CENTER, VALAYAMKULAM,near medi lab, opposite bus stop, valayamkulam, changaramkulam.pin:679591",Malappuram,8943547911,haninyraj23@gmail.com,",op",1,1 on call,1 on call,"Shalya Chikitsa, Prasoothi Thanthra, Counseling and learning disability",Panchayat registration
SDM ayurveda,OP Treatment Centre / Wellness Centre,"SDM ayurveda
Near Govt hospital
Mannar
Pin 689622",Alappuzha,8606710011,torenjithp@gmail.com,Nil,3,2,4,Kayachikitsa,"ISO,"
Nimba Ayurveda Nursing Home,OP Treatment Centre / Wellness Centre,"Mukkilepeedika Road, Ponnani, Malappuram district, Kerala 679577.",Malappuram,8891481584,sinimohan@gmail.com,2,2,1,1,"Kayachikitsa, Koumarabrithya, Prasoothi Thanthra",Municipality licence
Nerium Ayurveda and Wellness,OP Treatment Centre / Wellness Centre,"Ground floor, SR Arcade, Onam park zone, Mavelipuram, Kakkanad 682030",Ernakulam,8848764701,neriumayurveda@gmail.com,0,1,1,2,Nil,Nil
MadhavaMatam CVN kalari Ayurvedic centre,Hospital,"MadhavaMatam CVN kalari Ayurvedic centre, Pappanamcode, Trivandrum",Thiruvananthapuram,9895549117,gowthamrd@gmail.com,10,Two,1,1,"Kayachikitsa, Shalya Chikitsa, Marma therapy",Registered in coorporation
Punarjani Ayur Clinic,OP Consultation & counselling Centre,Chemmanthatta,Thrissur,9544834547,drnayanasooraj@gmail.com,0,1,0,0,"Kayachikitsa, Koumarabrithya, Salakya Chikitsa, Shalya Chikitsa, Visha Chikitsa, Prasoothi Thanthra, General",Panchayath licensed
Swasthyam Ayurveda and Panchakarma,OP Treatment Centre / Wellness Centre,"Alavil,kannur ,670008",Kannur,9946579108,drjyonandanam@gmail.com,4,2,2,2,Kayachikitsa,Ji
Samanwaya hospital,OP Treatment Centre / Wellness Centre,"Kuzhiyam,Chemmakkad",Kollam,9847216675,drgpromod@gmail.com,NA,One,Nil,Nil,No speciality,Nil
SRV AYURVEDA HOSPITAL AND PHARMACY,Hospital,"NEERATTUPURAM P O, THALAVADY , THIRUVALLA, ALAPPUZHA, KEALA",Alappuzha,0477-2999579,atmalekshmi@gmail.com,15,1,2,2,TREATING AS PER THE CASES AND DOCUMENTING ACCORDINGLY.,REGISTERED IN PANCHAYAT  ONLY.
Aatma ayurvedic centre,Hospital,"Post office road, anandapuram, tcr 680305",Thrissur,9446561397,ravimooss@gmail.com,25,3,5,7,Kayachikitsa,na
Sthira Ayurveda Hospital,Hospital,"Sthira Ayurveda Hospital, Kanyarupara Puthukulangara P O Nedumangad 695541",Thiruvananthapuram,7293232973,sthiraayurveda@gmail.com,10,1,1,2,Rasasastra &Bhaishajyakalpana,Nil
Chaithanya Hospital,Hospital,"THODIYOOR north.P O,Karunagapally,",Kollam,9562423017,chaithanyaayurcare@gmail.com,30,3,3,3,"Kayachikitsa, Koumarabrithya, Shalya Chikitsa",ISO
Tedavi Ayurvedic Spa & Post Natal Care,Hospital,"Manjeri, Malappuram 676121",Malappuram,7356440333,tedaviayurvedic@gmail.com,13,2,1,4,"Kayachikitsa, Koumarabrithya, Prasoothi Thanthra,",nil
Indian Pharm,OP Treatment Centre / Wellness Centre,Indian Pharm Chentrappinni,Thrissur,8089766594,sreethyks2014@gmail.com,Nil,1,Nil,Nil,Kayachikitsa,ISO
"Vaidyaratnam agency clinic, Chentrappinny",Agency,"Vaidyaratnam dealer, chentrappinny, thrissur",Thrissur,9447694106,ccdivya@ymail.com,0,1,0,0,"Kayachikitsa, Koumarabrithya, Prasoothi Thanthra",No
Vallanchira Ayurveda Hospital,Hospital,"NSS College po, Manjeri",Malappuram,9447933460,drrazakv@gmail.com,10,3,4,4,Kayachikitsa,Municipality license
Dr Lukman's Smriti Roots mind body clinic,OP Treatment Centre / Wellness Centre,"Building 262 B1
Ward 8
Kodikuthiparamb
Pulikal pancayath
Pallikal PO
Malappuram District
Pin: 673634",Malappuram,8289967417,drlubnap@gmail.com,0,2,0,0,"Kayachikitsa, Koumarabrithya, Prasoothi Thanthra, Smriti Meditation Counselling",Govt of Kerala
Gayathri Ayurveda clinic,OP Treatment Centre / Wellness Centre,"Gayathri ayurveda clinic, Ambalavattom, Edarikode P. O, Malappuram Dt",Malappuram,9496243968,vinurekha73@gmail.com,2,1,1,3,"Kayachikitsa, Shalya Chikitsa, Cosmetic",Panjayath license
BRAHMAKALPAM AYURVEDA HOSPITAL,Hospital,PADIVAYAL VADUVANCHAL,Wayanad,7907404500,brahmakalpammpi@gmail.com,15,One,1,3,General panchakarma treatments,LGSG
Anzis Ayurveda Health Care Centre Anzi’s Ayurveda Health Care Centre Your Health Care Partner,Hospital,"Edakombum Road, Pachilakkad, Kaniyambetta Post. Wayanad",Wayanad,9526597447,info@anzisayurveda.com,10,4,4,3,"Kayachikitsa, Koumarabrithya, Salakya Chikitsa, Shalya Chikitsa, Prasoothi Thanthra",Kerala Clinical Establishment Registration
Swastya Ayurveda,OP Treatment Centre / Wellness Centre,"Swastya Ayurveda, Kuravanthodu, Punnapra P.O, Alappuzha 688004",Alappuzha,6238428531,indupramod2009@gmail.com,NA,1,NA,Na,General medicine,NA
CHAITHANYA AYURVEDIC WELLNESS CENTRE,OP Treatment Centre / Wellness Centre,"CHAITHANYA AYURVEDIC WELLNESS CENTRE, V.V.M.R.A LANE, VADUTHALA VALAVU, KOCHI -682023",Ernakulam,9895974516,drdeepthirajchandran@gmail.com,0,1,0,0,"Kayachikitsa,",Cochin Corporation Licence
DR TS Ayurcare,OP Treatment Centre / Wellness Centre,"Dr ts ayucare, health and wellness centre, Maramuttam po purangu Malappuram",Malappuram,9605401839,sadiqthabsheena@gmail.com,2,1,1,1,"Koumarabrithya, Shalya Chikitsa, Visha Chikitsa, Prasoothi Thanthra,","NABH,"
Purnayoo Arogya Nikethanam,Hospital,GHSS Road Meenangadi,Wayanad,9496130033,info@purnayoo.com,17,3,6,7,"Kayachikitsa, Panchakarma","ISO, NABH UNDER APPLICATION"
KOTTAVEETTIL AYURVEDA HOSPITAL,Hospital,"Kottaveettil junction, Kallelibhagom po, Karunagapally - 690519",Kollam,9400715240,kottaveettilayur@gmail.com,4,2,1,1,"Panchakarma, Marma",Nil
Ayurgreen Ayurveda Hospitals Pvt Ltd,Hospital,"Edappal, Kavilpadi",Malappuram,8943055554,info@ayurgreenhospitals.com,90,15,18,10,"Kayachikitsa, Salakya Chikitsa, Panchakarmma, Agada Tandra, Punarnavasana Vyavasthapana, Karmaabhyasa, Speech therapy",NABH
Dr P Natarajan Memorial Hospital,Hospital,Nallila po NALLILA,Kollam,9495379008,varun.bams@gmail.com,6,Dr Varun Natarajan,2,2,Vanitha clinic,No
Suvaidya Ayurveda (PKMM health care),Hospital,Parambilangadi. Kottakkal 676503,Malappuram,9447654061,drpsiraj@gmail.com,15,3,5,5,"Kayachikitsa, Shalya Chikitsa, Panchakarma",ISO
Kripa Aryavaidya Madom,Hospital,"Near Mims hospital
Govindapuram
Kozhikode
Kerala",Kozhikode,9895067971,doctorkripa@gmail.com,10,3,1,4,"Kayachikitsa, Koumarabrithya, Salakya Chikitsa, Shalya Chikitsa, Visha Chikitsa, Prasoothi Thanthra, Manasika",ISO
Swetaranya Ayurvedasram,Hospital,"P. O. Kavanchery, Mangalam, Tirur",Malappuram,9526348145,drtrivikraman@gmail.com,10,2,3,3,"Depression, Parkinson's, IVDP, infertility",Panchayath registration
Vempilly Ayurveda Hospital,Hospital,Vempilly Ayurveda Hospital Nakapuzha P O Nakapuzha Muvattupuzha Ernakulam District Kerala,Ernakulam,9447267065,vempillyayurveda@gmail.com,20,12,7,8,"Kayachikitsa, Shalya Chikitsa, Prasoothi Thanthra, Panchakarma, Asthi Marma vigyan",NABH
Nirmalam Ayurgram Ayurveda Panchakarma centre,OP Treatment Centre / Wellness Centre,"Kayarampara, kanjirakkadavu road, ottapalam",Palakkad,9846397376,drmidhab@gmail.com,5,2,1,2,Panchakarma,Nil
Panchamam ayurvedic pharma,OP Treatment Centre / Wellness Centre,"Kalarikkal building, near pvt bus stand thodupuzha",Idukki,9605796155,panchamamayurveda@gmail.com,NA,2,NA,NA,Kayachikitsa,Muncipal license
Payyappilly Arogya and Manovikas Kendra,Hospital,"Mallussery, Vattapparambu  P.O,683579",Ernakulam,9446744688,dr.tompaul@gmail.com,8,1,1,1,Kayachikitsa,Panchayath registered
The Sanjeevani multispeciality centre,OP Treatment Centre / Wellness Centre,SANJEEVANI MULTISPECIALITY CENTRE. KURIACHIRA  Thrissur 680006,Thrissur,9895006900,drsmithajojikoil@gmail.com,O,2,O2,O2,"General practice with Panchakarma, skin and hair care",Cooperation
ANAND AYURVEDA HOSPITAL,OP Treatment Centre / Wellness Centre,"ANAND AYURVEDA HOSPITAL, CHEMMAD, P. O. TIRURANGADI.676306.",Malappuram,9895117257,sivanandandr@gmail.com,0,Two,0,0,Kayachikitsa,ISO
SREERUDRA AYURVEDA MULTISPECIALITY HOSPITAL,Hospital,"KAITHAVANA, SANATHANAPURAM",Alappuzha,4772266778,drvnnks@gmail.com,30,6,5,6,"Koumarabrithya, Salakya Chikitsa, Shalya Chikitsa, Prasoothi Thanthra","ISO, NABH"
AswathyMatha Ayurveda and Homoeo Health Care,OP Treatment Centre / Wellness Centre,"AswathyMatha Ayurveda and Homoeo Health Care, palace ward Krishnapuram po kayamkulam 690633",Alappuzha,8848175229,arun.gdev@gmail.com,0,2,On call,1,"Kayachikitsa, Salakya Chikitsa",Nill
"Kottakkal aryavaidya sala agency ,clinic and treatment center",OP Treatment Centre / Wellness Centre,"Kottakkal aryavaidya sala 
Pkb tower 
Karuvarakundu 
Kizhakethala 
676523",Malappuram,7907950025,dr.krishnapriya7@gmail.com,0,2,1,1,General,Panjayath lisence
Pathya Ayur Care,Hospital,"Dr.Rifna's Pathya Ayur Care,Ambalappadi,Kulathur,Malappuram Dt",Malappuram,8428313313,rifnarafath@gmail.com,10,1,Nil,5,Prasoothi Thanthra,Nil
Kanippayoor Ayurveda chikitsa kendram,Hospital,Kandanassery po ariyannur via thrissur Kerala 680012,Thrissur,4885237003,adithyanks58@gmail.com,15,4,4,4,"Kayachikitsa, Koumarabrithya, Salakya Chikitsa, Shalya Chikitsa, Visha Chikitsa, Prasoothi Thanthra",NABH
SACRED HEART AYURVEDA HOSPITAL MANIMOOLY,Hospital,"SACRED HEART AYURVEDA HOSPITAL MANIMOOLY, MANIMOOLY  PO, VAZHIKKDAVU 679333",Malappuram,9961031091,s.h.ayurhispital@gmail.com,15,2,3,5,Kayachikitsa,None
Ayursaukhya Ayurveda Chikitsalayam,OP Treatment Centre / Wellness Centre,Ayursaukhya Ayurveda Chikitsalayam Nellad 686669,Ernakulam,9446717145,ayursaukhyaa@gmail.com,0,1,1,1,Panchakarma treatments,Nil
Sreenivasamadam Ayurveda,OP Treatment Centre / Wellness Centre,"Sreenivasamadam Ayurveda, Mekkadampu, Muvattupuzha
Ernakulam",Ernakulam,8281705336,priyamolg9@gmail.com,Nil,One,One,One,General,Panchayat licence
Madhava Pharmaceutical Laboratories,OP Treatment Centre / Wellness Centre,"MADHAVA pharmaceutical laboratories,madhava pharmacy junction,banerji road,ernakulam",Ernakulam,9847333977,dr.greeshmapradeep@gmail.com,Op only,1,1,1,"Kayachikitsa, Salakya Chikitsa, Shalya Chikitsa, Prasoothi Thanthra",ISO
Dr. Vrinda's Ayurveda and Panchakarma,OP Treatment Centre / Wellness Centre,"Dr Vrinda's Ayurveda clinic and Panchakarma centre, Kadathy, Muvattupuzha",Ernakulam,"9447780281, 8129401246",dr.vrindagnair@gmail.com,Nil,2,1,1,"Kayachikitsa, Koumarabrithya",Nil
IHM(Marygiri)AYURVEDA,OP Treatment Centre / Wellness Centre,"Bharananganam p. O, pala, KOTTAYAM",Kottayam,8281340144,drmariathomas86@gmail.com,Nill,1,Nill,1,"Kayachikitsa, Koumarabrithya, Prasoothi Thanthra",Panchayath licence
Nerium Ayurveda and Wellness,OP Treatment Centre / Wellness Centre,"Ground Floor, SR Arcade, Onam Park Zone, Mavelipuram, Kakkanad 682030",Ernakulam,9983618885,neriumayurveda@gmail.com,Nil,1,1,2,Nil,Nil
Safe Ayurvedic Health Care Center,OP Treatment Centre / Wellness Centre,"Manigramam Center, Iringapuram P.O., Guruvayur, Pin: 680103",Thrissur,9447466838,drksgopinath@gmail.com,Nil,2,2,2,Kayachikitsa,Certified by municipal council
Parathuvayalil hospital,Hospital,"Keezhillam PO, Perumbavoor, Ernakulam",Ernakulam,9747410270,ninayurveda@gmail.com,40,4,6,6,"Kayachikitsa, Shalya Chikitsa, Prasoothi Thanthra",NABH
Ramanandam Ayurvedic Wellness,OP Treatment Centre / Wellness Centre,Kaniyampuzha Road Eroor po Thripunithura,Ernakulam,9633387360,drparvathysajiv@gmail.com,4,1,1,1,"Kayachikitsa, Prasoothi Thanthra",Nill
Udaya pharmacy,Clinic,"Udaya pharmacy, Temple road, North Paravur",Ernakulam,9847728677,dr.n.leena@gmail.com,Nil,1,Nil,Nil,Visha Chikitsa,Nil
Krishnatreya Ayurveda clinic,OP Treatment Centre / Wellness Centre,"Krishnatreya Ayurveda clinic
Thodaparambu junction
Perumbavoor",Ernakulam,9496296780,rinokakkat@gmail.com,Nil,1,Nil,1,General physician,ISO
Neelamana Ayurveda,OP Treatment Centre / Wellness Centre,Neelamana Ayurveda Kunnam Mavelikara,Alappuzha,9995107727,vani.sivaprasad@gmail.com,No,1,2,2,"Kayachikitsa, Koumarabrithya, Visha Chikitsa, Prasoothi Thanthra",No
Pulse hospital,Wing of allopathic hospital,"Pulse Hospital, , Kattilmarket, Haripad",Alappuzha,9495439353,drdeepthikb21@gmail.com,8,1,1,1,"Kayachikitsa, Koumarabrithya, Salakya Chikitsa, Shalya Chikitsa, Prasoothi Thanthra",Nil
SREEDARSHANA AYURVEDA HOSPITAL,Hospital,"NH 17, Thaikkav stop, Cheranalloor, Ernakulam - 682034",Ernakulam,7012339408,drafzal.sreedarshana@gmail.com,16,3,2,2,"Kayachikitsa, Salakya Chikitsa",Nothing precific
Kachappilly Ayurveda clinic,OP Treatment Centre / Wellness Centre,"Kachappilly Ayurveda clinic 
Ambalanada, Annamanada P O
Pin 680741",Thrissur,"04802771111, 8547384730",joyjoseph007@gmail.com,Nil,One,Nil (on call only),1,Kayachikitsa,Panchayat licence
Ayus Arogya Kendra,OP Clinic,"Ayus Arogya Kendra, Market Jn, AM Road Perumbavoor",Ernakulam,9447575905,drbrajeev@gmail.com,0,2,1,1,"Kayachikitsa, Koumarabrithya, Visha Chikitsa",No
Veda Care Ayurveda,OP Treatment Centre / Wellness Centre,Opp Govt Hospital AM Road Perumbavoor,Ernakulam,9446546431,vedacareayurveda@gmail.com,0,2,1,1,"Kayachikitsa, Shalya Chikitsa, Prasoothi Thanthra",Nill
Aturhitha panchakarma and wellness center,OP Treatment Centre / Wellness Centre,"Ayur Hitha,karthikappally po, alappuzha ,pin 690516",Alappuzha,6235704007,faisalnavas174@gmail.com,0,1,Sunil,praveena,"Kayachikitsa, Shalya Chikitsa",ISO
Kalathil,OP Treatment Centre / Wellness Centre,"Kalathil Ayurveda Hospital
Kottukulangara Kayamkulam 690502",Alappuzha,9447366107,drsainua@gmail.com,1,3,1,1,"Kayachikitsa, Shalya Chikitsa",No
Suryakanthi Ayurveda hospital,Hospital,"Opposite KSRTC, ponkunnam, kottayam",Kottayam,8281169827,suryakanthi.james@gmail.com,2,3,1,1,"Kayachikitsa, Prasoothi Thanthra",Nil
Swasth Ayurvedic centre,Hospital,"Swasth Ayurvedic centre,
Velloorkunnam
Muvattupuzha",Ernakulam,9447771770,dileep.anand@gmail.com,15,2,3,2,Kayachikitsa,Municipality registration
Aayursparsh Ayurveda Nursing Home,OP Treatment Centre / Wellness Centre,"Aanavathi Junction,Palace Road ,Mattancherry, kochi-682002",Ernakulam,"9633035009, 
9061026009",drgehanyazer@gmail.com,No,2,2,2,"Panchakarma marma chikitsa, Cosmetology Centre,",ISO
Kanchanangi Ayurveda Vaidyasala,Clinic,"Kanchanangi Ayurveda Vaidyasala, pariyanickal building, Near Taluk Hospital, kuravilangad, kottayam",Kottayam,8281728994,trsreevidya6@gmail.com,Nil,One,Nil,Nil,Salakya Chikitsa,Nil
Ennakkathara ayurveda hospital,Hospital,MLA ROAD poothotta,Ernakulam,8943547223,ambuchithira@yahoo.com,15,2,3,3,"Kayachikitsa, Shalya Chikitsa, Marmq","ISO, Village"
AMOGHA The Ayur Hub,OP Treatment Centre / Wellness Centre,"AMOGHA The Ayur Hub
ARRA 152,Ground floor ,Span Heighte, Appollo Road, Thammanam 682032",Ernakulam,7034177099,dr.varshasarath@gmail.com,0,3,1,1,"Kayachikitsa, Prasoothi Thanthra",Nil
NIRAMAYA Ayurveda clinic,OP Treatment Centre / Wellness Centre,Chalakudy,Thrissur,9447500251,dr.demily@gmail.com,2,2,1,1,Kayachikitsa,Municipality license
Dr.RIYASALIS ORTHOCARE AYUVEDIC AND SPORTS INJURY SPECIALITY CLINIC,OP Treatment Centre / Wellness Centre,"MLA ROAD, VENNIYUR",Malappuram,9447716672,riyasali.unniyakkal@gmail.com,0,1,1,1,Shalya Chikitsa,NA
Ayurvalley hospital,Hospital,"Ayurvalley hospital, Kappamkolly, meppadi (po), wayanad, Kerala 673577",Wayanad,7025444222,rohith@ayurvalley.com,20,3,1,3,"Kayachikitsa, Marmachikitsa",Registered under private hospital
MANGALATH AYURVEDA CENTER,OP Treatment Centre / Wellness Centre,"NOORANAD SANATORIUM PO, KP ROAD, PARAYAMKULAM, CHARUMMOOD, ALAPPUZHA",Alappuzha,9400715240,mangalathayur@gmail.com,0,2,1,1,"Kayachikitsa, Koumarabrithya, Salakya Chikitsa, Shalya Chikitsa, Visha Chikitsa, Prasoothi Thanthra, MARMA, CHIROPRACTIC THERAPY",AMAI
Ayush ayurveda clinic,OP Treatment Centre / Wellness Centre,"Jawahar nagar,sub jail road,Aluva,pin 683101",Ernakulam,8848784616,aathiracarjun@gmail.com,0,1,0,0,No speciality,NABH
Anzi’s Ayurveda Health Care Centre,Hospital,"Edakombum Road, Pachilakkad, Kaniyambetta.P.O",Wayanad,9526597447,info@anzisayurveda.com,10,3,4,3,"Kayachikitsa, Koumarabrithya, Salakya Chikitsa, Shalya Chikitsa, Prasoothi Thanthra",NABH
AVP AYUSH,Hospital,"AVP AYUSH,KULAMANGALAM,VALANCHERI",Malappuram,+91 90488 51000,drarunp8@gmail.com,10,2,2,2,"Kayachikitsa, Prasoothi Thanthra",N
ARIPPATTU VAIDYASALA,OP Treatment Centre / Wellness Centre,"ARIPPATTU VAIDYASALA, ERATHUVADAKKU, PATTAZHY 691522,",Kollam,9400038690,drvenugopalp@gmail.com,No beds,2,Nil,Nil,"Kayachikitsa, Koumarabrithya, Visha Chikitsa, Prasoothi Thanthra",Nil
Pulickal Ayurveda Hospital,Hospital,Peruva PO,Kottayam,4829252838,pulickalayurveda@gmail.com,15,5,4,4,Kayachikitsa,No
Tulsi Ayurved Medical Centre,Hospital,"Tulsi Ayurved Medical Centre, Maruthamonpally, Pooyappally P.O, Kollam 691537",Kollam,9495045555,shanukbabu@gmail.com,7,3,2,2,"Kayachikitsa, Shalya Chikitsa, Prasoothi Thanthra",Nil
Ayushprana Ayurveda Hospital for Multiple Sclerosis,Hospital,"Illithode, Malayattoor PO Ernakulam",Ernakulam,8589909090,drprasanth@hotmail.com,35,7,4,9,Multiple sclerosis,NABH
Sri Vaidyanatha Ayurveda Hospital,Hospital,"Decent jn, Mukhathala, Kollam",Kollam,9447787053,dr.unnibamss@gmail.com,16,2,2,4,"Kayachikitsa, Salakya Chikitsa, Shalya Chikitsa, Prasoothi Thanthra,",Local self gov registraion
Niramaya Ayurvedic Clinic and Pharmacy,OP Treatment Centre / Wellness Centre,"First Floor, NEAR MLA office, New Busstaand, Kalpetta - 673121",Wayanad,9496048928,anjanaa680@gmail.com,1,3,1,1,"Kayachikitsa, Koumarabrithya, Salakya Chikitsa",ABHA
SANJEEVANI AYURVEDA MEDICAL CENTER,OP Treatment Centre / Wellness Centre,"OONINMODU, POOTHAKKULUM P.O",Kollam,"98956 82147, 
98956 82147",drsajiprasad8@gmail.com,No IP only OP,One,Nil,Nil,Kayachikitsa,Nil
Soukhya Ayurveda Clinic,OP Treatment Centre / Wellness Centre,"Siukhya Ayurveda Clinic, yoga and beauty center
Mankada, koottil, malappuram district, 679324",Malappuram,8139882845,sumayyafathimapm@gmail.com,Zero,One,No,No,General practise,Panchayath
B.M.Ayurvedics,OP Treatment Centre / Wellness Centre,"B.M.Ayurvedics, Vadakkumthala.P.O, Karunagappally",Kollam,9645510701,anildryembee@gmail.com,0,One,Nil,Nil,General,Nil
Prajnayu Ayurveda Panchakarma Hospital,Hospital,"Maniyangode po
Kalpetta
Wayanad",Wayanad,9495141444,prajnayuclinic@gmail.com,8,1,1,1,"Kayachikitsa,","Clinical establishment,municipality lisence"
Elaj Ayurvedic Hospital,Hospital,"Kuttamangalam , Mandad -po , Muttil , Wayanad -673122",Wayanad,9496440582,fayisneelikandy@gmail.com,6,1,1,2,Kayachikitsa,Panchayath registration
Sahayathri Ayurveda clinic,OP Treatment Centre / Wellness Centre,"Sahayathiri ayurveda clinic,Kottanad (po),46 meppady,wayanad, kerala.",Wayanad,8111978204,deepasubash2468@gmail.com,0,2,1,1,Kayachikitsa,Panchayath license
KUZHIVELIL AYURVEDA,OP Treatment Centre / Wellness Centre,"KUZHIVELIL AYURVEDA, CALICUT ROAD, MANANTHAVADY",Wayanad,9.20E+11,sonishjoseph@gmail.com,0,2,1,1,Kayachikitsa,Municipal licence
"Samanthra Ayurveda hospital,chellamattom",Hospital,"Dr Prathish G  BAMS, MD (Ay)
Samanthra Ayurveda Hospital 
XIV/372B Behind St Sebastian church
Chelamattom, Okkal p.o
PIN : 683550 Kerala - Ernakulam dist Cochin
India.
Email: samanthraayurveda@gmail.com
Website: www.samanthraayurveda.com",Ernakulam,9446960877,samanthraayurveda@gmail.com,10,4,3,6,"Kayachikitsa, Koumarabrithya, Shalya Chikitsa, Prasoothi Thanthra","Panchayat registration,Rohini ID"
Udayam Ayurveda,OP Treatment Centre / Wellness Centre,"Udayam Ayurveda , near Kurumbakkavu temple Poickattusery , Chengamanadu P.O. Aluva",Ernakulam,9846149318,sreesuja30@gmail.com,O,1 ( myself),O,O,"Kayachikitsa, Prasoothi Thanthra",None
Kottakkal Aryavaidyasala,OP Treatment Centre / Wellness Centre,"Kottakkal Aryavaidyasala, kuruppumpady",Ernakulam,7736553990,lijaprasanth@gmail.com,0,1,0,0,Kayachikitsa,ISO
Vedickarma ayurveda,OP Treatment Centre / Wellness Centre,"Dr anargha, vedickarma ayurveda, vikas nagar, thurky road, kalpetta. P. O,",Wayanad,9961001171,dranarghavedickarma65@gmail.com,Nil,1,Nil,Nil,"PGDCSH, Msc in counseling and spiritual health",MSME
Nambialil Ayurveda Pharmacy,OP Treatment Centre / Wellness Centre,"Nambialil Ayurveda Pharmacy, THURUTHY P O ,Pin 683545",Ernakulam,8281033677,arunrajpbr@gmail.com,0,1,Abijith,Simily,Visha Chikitsa,Clinic
Omshree Sidha Hospital,Hospital,"Vayala P.O, Vempally, Kottayam",Kottayam,9496319064,renjithmadhav123@gmail.com,20,3,2,2,General Medicine,ISO
Madhava healthcare,Hospital,Madhava healthcare peroor T.K.M.College PO,Kollam,9447712232,madhavahealthcare@gmail.com,10,2,2,2,"Kayachikitsa, Shalya Chikitsa, Prasoothi Thanthra",Panchayat
KERALA AYURYOGA,Hospital,VAZHAVATTA P.O,Wayanad,9544171133,INFO@DRTONYAYURVEDAYOGA.COM,15,3,2,1,"Kayachikitsa, Koumarabrithya, Visha Chikitsa, Prasoothi Thanthra",ISO
Ayur marma,OP Treatment Centre / Wellness Centre,"Ayur marma 
Panchakarma treatment centre 
Therayil house
Chettupuzha p o
Thrissur - 680012",Thrissur,8891819181,drdilwin19@gmail.com,Nill,2,1,1,Kayachikitsa,Private
Namaste Ayurvedic Wellness Centre.,OP Treatment Centre / Wellness Centre,"Kanjirappilly. P. O, Athirapilly road. Chalakudy",Thrissur,9544509944,drsteephan@yahoo.co.in,5,One,Two,Two,"Kayachikitsa, Wellness therapy, Yoga therapy",Local body
NILA NATURE CURE AND AYURVEDA CENTRE,Hospital,NILA NATURE CURE AND AYURVEDA CENTRE MAYANNUR THRISSUR 679105,Thrissur,9037727155,dinesh.e20@gmail.com,17,4,2,2,"Kayachikitsa, Shalya Chikitsa, Lifestyle Diseases",PANCHAYATH LICENCE
SURYAKSHETHRA AYUR NILAYAM & PANCHAKARMA CHIKITSALAYAM,OP Treatment Centre / Wellness Centre,"Dr Nayana gopinath
SURYAKSHETHRA AYUR NILAYAM & PANCHAKARMA CHIKITSALAYAM,VANI VILASINI CHUNANGAD , Ambalapara panchayat,pin 679511, ottapalam taluk,pkd dist,kerala.",Palakkad,"80,891,684,
508,075,098,
112",drnayanagopinath@gmail.com,0,1,1,1,"Kayachikitsa, Koumarabrithya, Prasoothi Thanthra",Nill
Suvaidya Ayurveda Oushadhasala,Consultation and Pharmacy,"#R4, Padickakudyil Building, Kodampilly, Kombanad P.O, PIN 683546",Ernakulam,9745449131,sintamath@gmail.com,No,1,No,No,"Kayachikitsa, Koumarabrithya, Prasoothi Thanthra, Cosmetic",Local Government Approval
Kripa Ayurveda marma hospital,OP Treatment Centre / Wellness Centre,"Kripa Ayurveda marma hospital
Fort vypin , Cochin -kerala.682508",Ernakulam,9947359933,kripaayurvedic@gmail.com,0,1,1,1,"Kayachikitsa,",No
"Dr’s Derma , The house of Aesthetics",OP Treatment Centre / Wellness Centre,"Ummer vaidyar building , star junction , Mattancherry",Ernakulam,8891287912,drsdermakochi@gmail.com,NA,2,Nil,2,Cosmetology,NA
Rajees Ayurveda Pharmacy,Op consultation with medicines,"Rajees Ayurveda Pharmacy
Opposite KSRTC,Vaikom
Kottayam district.pin-686141",Kottayam,9745419995,dhanya.jagadeesh@gmail.com,0,1,0,0,"Kayachikitsa, Prasoothi Thanthra",AVP agency
Amrutha Ayur Clinic,OP,Amrutha Ayur Clinic,Ernakulam,9447741130,drkvkurian@gmail.com,Nil,One,N A,N A,General,NA
Chyavana Ayurveda Hospitals,Hospital,"Chyavana Ayurveda Hospital, Thekkumthara P.O, Kalpetta",Wayanad,9400991973,dranuadarsh54@gmail.com,10,2,2,2,"Kayachikitsa, Koumarabrithya, Salakya Chikitsa",Local body Panchayath
Anjaly Ayurvedic Wellness Centre,OP Treatment Centre / Wellness Centre,"Main Road, North Paravur",Ernakulam,9447329065,mdrenjith@gmail.com,No,5,1,2,"Kayachikitsa, Koumarabrithya, Salakya Chikitsa, Visha Chikitsa, Prasoothi Thanthra",ISO
Puliyampatta Vaidyasala,Hospital,"Moopanad, Meppadi P O, Wayanad",Wayanad,9562441893,p.shabeel.i@gmail.com,6,2,2,2,Kayachikitsa,Nil
Aswini Ayurveda Nursing Home,Hospital,"Aswini ayurveda nursing Home, Kallumala p.o mavelikara- 690110",Alappuzha,9447463518,jdeyalkumar@gmail.com,20,2,3,3,"Kayachikitsa, Shalya Chikitsa, Prasoothi Thanthra",ISO
MADUKKAKUZHY AYURVEDIC HOSPITAL,Hospital,"PARATHODE PO. 686512, KNAJIRAPPALLY",Kottayam,9.19E+11,drjobin@ayurveda-kerala.org,10,2,5,5,Kayachikitsa,NA
Sree Shivananda ayurveda eye clinic & pharmacy,OP Treatment Centre / Wellness Centre,"Nithya building, near SupplyCo, kunnummal, kanhangad",Kasaragod,9895532442,shivanandasree@gmail.com,No IP,2,1,1,Salakya Chikitsa,No accreditation
SWASTHYAM,OP Treatment Centre / Wellness Centre,"Old NH, Anangoor, Kasaragod",Kasaragod,8281270646,madhavanvrinda9@gmail.com,0,1,1,1,Yoga,NIL
Ayur oushadi panchakarma center&beauty clinic,OP Treatment Centre / Wellness Centre,"Ayuroushadi
Kottadiyil chavara",Kollam,9495348325,priyamgm.reji@gmail.com,4,1,1,1,"Kayachikitsa, Koumarabrithya, Prasoothi Thanthra","ISO,"
Lakshmi Ayurveda Hospital,Hospital,"Eroor road, s n junction, Tripunithura",Ernakulam,9447111627,manojtv.wariyar@gmail.com,20,8,3,3,"Visha Chikitsa, Prasoothi Thanthra, Manasika Chikitsa",Nil
Ayurjeevan Ayurveda Hospital,Hospital,"Edayilekad , Valiyaparamba, Kasargod Dt",Kasaragod,9447479256,drrajeevan@gmail.com,8,1,2,2,"Kayachikitsa, Prasoothi Thanthra",Government
Tamara wellness,OP Treatment Centre / Wellness Centre,"1/878, petercelli street,Fort Cochin",Ernakulam,9656599699,eeceesendeavours@gmail.com,4,1,1,2,Kayachikitsa,ISO
"Ayurvedic centre, vettukattil hospital muvatupuzha",OP Treatment Centre / Wellness Centre,Ayurvedic centre vettukattil hospital muvatupuzha,Ernakulam,9446272678,gabavc@gmail.com,Nil,2,1,1,Shalya Chikitsa,Nil
Pattarumadom Clinic & Ayurveda Nursing Home,OP Treatment Centre / Wellness Centre,"Kariyad Signal, Mekkad PO, Nedumbassery",Ernakulam,9544045112,drshaji.p@gmail.com,No accommodate facility,One,One,One,General practice,Local body license
Panikulangara Paithrukam Ayurveda Hospital Ayroor,Hospital,"Panikulangara Paithrukam Ayurveda Hospital ,Ayroor P.O,Pin -683579,Ernakulam Dist,Kerala.",Ernakulam,9446478612,www.deepthirajaneesh089@gmail.com,15,2,2,2,Kayachikitsa,Panchayath License
Manasshanti & Arogyaraksha Ayurveda Clinic,OP Treatment Centre / Wellness Centre,"Kadungalloor Road,Near Kadungalloor Sree Narasimha Swamy Temple, UC College PO
683102",Ernakulam,8848688323,manasshanticlinic.aluva@gmail.com,0,1,1,1,Mental Health Specialist (Ayurveda) -Adult and Child,Panchayath License
Karippayi Ayurveda Hospital,Hospital,"Chendamangalam jn, opp: N S S Auditorium, North Paravur, Eranakulam Dt",Ernakulam,8137872449,asokarippayi@gmail.com,10,4,2,2,"Kayachikitsa, Visha Chikitsa",Nil
Areekkal dispensary&nursinghome,Hospital,Areekkaldispensary&nursighome,Ernakulam,9847236877,eldhoareekkal@gmail.com,12,2,1,1,Kayachikitsa,ISO
Prapthi Ayurveda Treatment Centre,OP Treatment Centre / Wellness Centre,"Opp. PWD Rest House, TB Road, Muvattupuzha",Ernakulam,8156864407,drissacpaul1986@gmail.com,0,2,1,1,"Kayachikitsa, Manasa Roga",Municipal Licence
Areekkal  Dispensary&Nursing Home,Hospital,AreekkalDispensary&NursingHome,Ernakulam,9847236877,eldhoareekkal@gmail.com,12,2,2,2,Genaral,Praivet
St. Marys hospital,Hospital,"Bappuji junction
Koothattukulam",Ernakulam,4852999525,stmarysmedicare@gmail.com,8,2,1,2,Kayachikitsa,NIL
Ayur Swasthya ayurveda clinic Kolencherry,OP Treatment Centre / Wellness Centre,"Ayir Swaasthya ayurveda clinic, Mannekkattu arcade Kolencherry",Ernakulam,9495216250,tresa.toby@gmail.com,Nil,2,1,1,"Kayachikitsa,",Panchayat License
Sivasmitham ayurveda vaidyashala,OP Treatment Centre / Wellness Centre,"Ooriyakunnath building,nedumparamb, pathanapuram,689695,kollam",Kollam,8593019404,sivasmithamayurveda@gmail.com,0,1,0,1,"Kayachikitsa,",Panchayat license
SK Ayurveda Clinic,OP Treatment Centre / Wellness Centre,"janatha stop, manjummel, Eloor, Ernakulam",Ernakulam,9567192085,sethulakshmisi@gmail.com,0,1,0,1,General clinic,NIL
Pratidhi,OP Treatment Centre / Wellness Centre,Pattimattom,Ernakulam,9447720707,draneena.ayu@gmail.com,NA,1,Nil,Nil,Swasthavritta,NIL
Panikulangara Paithrukam Ayurveda Hospital Ayroor.,Hospital,"Panikulangara Paithrukam Ayurveda Hospital ,Ayroor P.O, Pin - 683579 Ernakulam Dist, Kerala",Ernakulam,9446578612,www.rajaneeshjohn@gmail.com,15,2,2,2,"Kayachikitsa, Panchakarma",Panchayath
Amruthananda Pharmacy and Clinic,OP Treatment Centre / Wellness Centre,"Amruthananda Pharmacy, South Naluvazhi, North Paravur, Ernakulam, kerala. 683513",Ernakulam,9847437494,drsoorajpulikkal@gmail.com,0,1,On call,On call,"Kayachikitsa, Kalari",NIL
Ayush Ayurveda clinic,OP Treatment Centre / Wellness Centre,"Jawahar Nagar,near subjail,Aluva",Ernakulam,8848783616,aathiracarjun@gmail.com,0,1,0,0,Nil,NIL
Ennakkathara Aryavaidyasala,Hospital,"Near Chottanikkara Bhagavati Temple, Chottanikkara",Ernakulam,8547479944,ayur.eavs@gmail.com,15,3,2,2,General treatment and Cosmetology clinic,NIL
OTTAPILAVU Hospital,Hospital,Pattambi Road KUNNAMKULAM 680503,Thrissur,4885299853,ndzhth@gmail.com,4,1,2,2,Koumarabrithya,NIL
Vayaskara Krishnan Moosa Narayaneeyam Arya Ayurvedam,OP Treatment Centre / Wellness Centre,"Yadukulam
Vinayaka Nagar
Edapally 
Ernakulam",Ernakulam,8089216881,gopika.nkn@gmail.com,0,2,0,1,Kayachikitsa,NIL
Aswini Ayurveda Hospital,Hospital,Perambra Kozhikode 673525,Kozhikode,9946986421,drsanalind@yahoo.com,20,Four,3,3,Kayachikitsa,NIL
Kailas Ayurvedic Centre,OP Treatment Centre / Wellness Centre,"Kailas Ayurvedic Centre , Thengana  Perumpanachy P. O Changanacherry, Kottayam District",Kottayam,9496325959,ranjithsadanandan16@gmail.com,Nil,2,Nil,1,"Kayachikitsa, Koumarabrithya, Shalya Chikitsa, Prasoothi Thanthra, Marma Chikitsa.",NIL
PNAyurvedasramam Hospital,Hospital,Dhanwanthari.SN nagar.Madavana.P.O.Kodungallur.Thrissur.,Thrissur,7736674777,pnayurvedasramam@gmail.com,12,2,2,2,Kayachikitsa,Ayur gold classification frm Tourism dept
AYURLAKSHYA MULTI SPECIALITY CENTRE FOR AYURVEDA,OP Treatment Centre / Wellness Centre,"Ayurlakshya Multi Speciality Centre For Ayurveda, Near Press Club, Pathanamthitta 689645",Pathanamthitta,9446708047,ayurlakshya2016@gmail.com,0,1,0,0,"Smriti Meditation, Cosmetic products & treatment, Shalyakarma....",NIL
"Ojas clinic, avs agency",OP Treatment Centre / Wellness Centre,Thottada Po. Kannur-7,Kannur,9.20E+11,sobhanam25@gmail.com,0,One,One,One,General,Private
Atma Ayurvedasram,Hospital,"Manappally South, SRP Market PO, Thazhava, Kollam",Kollam,7907642582,atmaayurvedasram@gmail.com,5,2,1,1,"Kayachikitsa, Prasoothi Thanthra",NIL
"Bhaskara ayurveda clinic and Panchakarma centre, kochu kuruvikonam",OP Treatment Centre / Wellness Centre,"Bhaskara ayurveda clinic and Panchakarma centre,Kochu kuruvikonam (anchal punaloor road),Anchal,kollam,Areeplachy. P.O",Kollam,"7907038203,
9446967617",drvineethsugathan@gmail.com,Nil,2,Doctor is doing ayurveda panchakarma therapy for male patients,1,"Shalya Chikitsa, Ortho speciality clinic, sports injury managements",NIL
Santhigiri Ayurveda,OP Treatment Centre / Wellness Centre,"Santhigiri Ayurveda and Sidha vaidyasala
Mathra. Punalur.",Kollam,7902300412,neebalalesh@gmail.com,0,1,0,0,UG,"NIL,"
Chaithanya hospital,Hospital,"THODIYOOR north P O ,Karunagapally",Kollam,"476,266,101,
726,629,981,
446,995,968",chaithanyaayurcare@gmail.com,30,3 in number,4,2,"Kayachikitsa, Salakya Chikitsa, Shalya Chikitsa, Visha Chikitsa",ISO
Ayurniketan,Hospital,"Ayurniketan hospital
Near Power House
Punalur 691333",Kollam,9947629305,utharaabhilash@gmail.com,9,1,1,4,"Kayachikitsa, Shalya Chikitsa, Visha Chikitsa",NIL
Swasthy Ayurvedic Centre,OP Treatment Centre / Wellness Centre,"Ellampalloor, Kundara P O, Kollam 691501",Kollam,9061792920,drjasminejf@gmail.com,0,1,On call,1,Ayurveda Cosmetology,NIL
Ayursaukhya Ayurveda Clinic,Hospital,"Ayursaukhya Ayurveda Clinic,Kanjuvayal,Bharatheepuram P.O,Pathady,691312",Kollam,9447319011,nijarafi@gmail.com,0,1,0,1,"Kayachikitsa, Shalya Chikitsa, Prasoothi Thanthra",NIL
Prakrithe ayurvedha hospital,Hospital,"Prakrithe ayurveda hospital, karunagappally
Prakrithe ayurvedha hospital, edappally
Edappal",Kollam,9747373701,info.prakrithe@gmail.com,20,4,3,8,"Kayachikitsa, Salakya Chikitsa",ISO
Ayurvaidhyam,OP Treatment Centre / Wellness Centre,Ayurvaidhyam clinic & panchakarma center v. Kottayam p.o pathanamthitta 689656,Pathanamthitta,9633961523,vinusugathan@gmail.com,Nil,1,1,1,Panchakarma,"NIL,"
Ayurjani Ayurvedics,Hospital,"Parry junction 
Mk sidhan road ,Thoppumpady (p.o) cochin",Ernakulam,9747910007,drlekharaj14@gmail.com,12,2,2,4,"Kayachikitsa, Prasoothi Thanthra,",NIL
Vaidyaratnam oushadhasala agency,OP clinic,"Vaidyaratnam oushadhasala Agency ,Toll Junction, Edappally",Ernakulam,9497443632,dransymathew@gmail.com,0,1,0,0,Kayachikitsa,NIL
Nangelil hospital,Hospital,"Nellikuzhi po , Kothamangalam",Ernakulam,9846034404,drvijithn@gmail.com,50,5,9,9,"Kayachikitsa, Shalya Chikitsa, Prasoothi Thanthra",NABH
Changampally Ayurveda Nursing Home,Hospital,"Valanchery PO,Malappuram Dt,Kerala India,676552",Malappuram,"04942643,
057,049,420,
248,652,762,316,
800.00",info@changampallyayurveda.com,14,5,4,4,"Kayachikitsa, Salakya Chikitsa, Shalya Chikitsa, Prasoothi Thanthra, Asthi Marma chikitsa",NIL
